species,code,combined_code,Amoxicillin-Clavulanic acid,Amikacin,Ampicillin,Cefepime,Cefoxitin,Ceftazidime,Ceftriaxone,Cefuroxime,Ciprofloxacin,Ertapenem,Fosfomycin,Gentamicin,Imipenem,Meropenem,Nitrofurantoin,Norfloxacin,Piperacillin-Tazobactam,Cotrimoxazol,Benzylpenicillin,Cefoxitin_screen,Clindamycin,Clindamycin_induced,Daptomycin,Erythromycin,Fusidic acid,Levofloxacin,Linezolid,Mupirocin,Oxacillin,Rifampicin,Teicoplanin,Tetracycline,Tigecycline,Vancomycin,Clarithromycin,Gentamicin_high_level,Strepomycin_high_level,Metronidazole,ESBL,MRSA,Benzylpenicillin_others,Benzylpenicillin_with_meningitis,Benzylpenicillin_with_pneumonia,Minocycline
MIX!Neisseria gonorrhoeae,144c76aa-f092-439e-8f0e-36ad268d4a8f,,,,,,,,,,,,,,,,,,,,,,,,,,,,,,,,,,,,,,,,,,,,,
MIX!Staphylococcus haemolyticus,006be61d-5127-40d8-a259-62490f94463f,,,,,,,,,,,,,,,,,,,,,,,,,,,,,,,,,,,,,,,,,,,,,
MIX!Pasteurella multocida,1a55249c-03a2-477f-b189-e08c265ead5f,,,,,,,,,,,,,,,,,,,,,,,,,,,,,,,,,,,,,,,,,,,,,
MIX!Pasteurella multocida,41d3a26e-4ee2-490f-887d-f00e8b63da17,,,,,,,,,,,,,,,,,,,,,,,,,,,,,,,,,,,,,,,,,,,,,
MIX!Pasteurella canis,a5f4c686-d8a4-4024-a6ef-4fda0df6c7c9,,,,,,,,,,,,,,,,,,,,,,,,,,,,,,,,,,,,,,,,,,,,,
MIX!Streptococcus constellatus,ddc9563b-84d5-46aa-9b91-252ebce99975,,,,,,,,,,,,,,,,,,,,,,,,,,,,,,,,,,,,,,,,,,,,,
MIX!Staphylococcus aureus,3178a4d1-699d-4c39-8e2f-527cb1c8abc0,,,,,,,,,,,,,,,,,,,,,,,,,,,,,,,,,,,,,,,,,,,,,
MIX!Acinetobacter pittii,f64649fd-a2b8-4a2b-998d-34cf8061feca,,,,,,,,,,,,,,,,,,,,,,,,,,,,,,,,,,,,,,,,,,,,,
MIX!Enterococcus faecium,299eded8-8006-4e5c-9be2-315beaeaa663,,,,,,,,,,,,,,,,,,,,,,,,,,,,,,,,,,,,,,,,,,,,,
MIX!Staphylococcus aureus,a1a930ac-7c37-4f5d-88e2-637c1a46765a,,,,,,,,,,,,,,,,,,,,,,,,,,,,,,,,,,,,,,,,,,,,,
MIX!Staphylococcus caprae,7103811a-5f09-4035-b37b-85e6f2bf9102,,,,,,,,,,,,,,,,,,,,,,,,,,,,,,,,,,,,,,,,,,,,,
MIX!Stenotrophomonas maltophilia,99bfd4cd-9d4d-4c69-bf76-a09574423b8a,,,,,,,,,,,,,,,,,,,,,,,,,,,,,,,,,,,,,,,,,,,,,
MIX!Pseudomonas aeruginosa,42df6023-2b55-4822-9561-b970ca262912,,,,,,,,,,,,,,,,,,,,,,,,,,,,,,,,,,,,,,,,,,,,,
MIX!Staphylococcus aureus,c362dec4-f6e7-43df-9b26-58dd015b540a,,,,,,,,,,,,,,,,,,,,,,,,,,,,,,,,,,,,,,,,,,,,,
MIX!Neisseria subflava,87649382-7e52-411a-9597-1581e7ecb35e,,,,,,,,,,,,,,,,,,,,,,,,,,,,,,,,,,,,,,,,,,,,,
MIX!Aeromonas veronii,3572f185-15c8-43ef-9351-c14a91ac690e,,,,,,,,,,,,,,,,,,,,,,,,,,,,,,,,,,,,,,,,,,,,,
MIX!Aeromonas media,54587a17-014f-41b6-8fbe-b99ebdb43304,,,,,,,,,,,,,,,,,,,,,,,,,,,,,,,,,,,,,,,,,,,,,
MIX!Staphylococcus saccharolyticus,00a34ab1-7a8f-4a3a-9815-1004ab3c6dd9,,,,,,,,,,,,,,,,,,,,,,,,,,,,,,,,,,,,,,,,,,,,,
MIX!Staphylococcus saccharolyticus,6aafc8f7-c52e-41e8-b04a-089988ce6484,,,,,,,,,,,,,,,,,,,,,,,,,,,,,,,,,,,,,,,,,,,,,
MIX!Staphylococcus saccharolyticus,5c1583f0-a757-46ab-8064-fafdce49a830,,,,,,,,,,,,,,,,,,,,,,,,,,,,,,,,,,,,,,,,,,,,,
MIX!Staphylococcus saccharolyticus,f2aa21d4-9b18-4456-8b8b-90af3b6471bb,,,,,,,,,,,,,,,,,,,,,,,,,,,,,,,,,,,,,,,,,,,,,
MIX!Achromobacter insolitus,4c1c4385-b1a4-417e-a0a3-cf613d81e5ab,,,,,,,,,,,,,,,,,,,,,,,,,,,,,,,,,,,,,,,,,,,,,
MIX!Acinetobacter guillouiae,4d1b9ffa-aa50-4a55-8730-13c405b316df,,,,,,,,,,,,,,,,,,,,,,,,,,,,,,,,,,,,,,,,,,,,,
MIX!Aeromonas enteropelogenes,c5ecfbbe-3a62-4a41-ac64-f7c0916f8f01,,,,,,,,,,,,,,,,,,,,,,,,,,,,,,,,,,,,,,,,,,,,,
MIX!Acinetobacter pittii,f90cf2f9-950e-42e6-ac8f-b3c00e74b051,,,,,,,,,,,,,,,,,,,,,,,,,,,,,,,,,,,,,,,,,,,,,
MIX!Staphylococcus aureus,4cd0cfc0-5d45-48d3-b773-4b70b8981a3b,,,,,,,,,,,,,,,,,,,,,,,,,,,,,,,,,,,,,,,,,,,,,
MIX!Haemophilus parainfluenzae,1e8874a0-1924-4e6f-8b22-2f81adc52025,,,,,,,,,,,,,,,,,,,,,,,,,,,,,,,,,,,,,,,,,,,,,
MIX!Aerococcus urinae,2288c6e3-9b87-46b6-bb91-2003b7449935,,,,,,,,,,,,,,,,,,,,,,,,,,,,,,,,,,,,,,,,,,,,,
MIX!Haemophilus influenzae,ed8f5354-9a9b-4fcc-a3e1-e24ab870f2ca,,,,,,,,,,,,,,,,,,,,,,,,,,,,,,,,,,,,,,,,,,,,,
MIX!Neisseria cinerea,a2aec51d-7024-4b2b-b965-e9957ffe5379,,,,,,,,,,,,,,,,,,,,,,,,,,,,,,,,,,,,,,,,,,,,,
MIX!Neisseria cinerea,36241d5b-b6a3-48a8-8fb1-82b85fe4f7da,,,,,,,,,,,,,,,,,,,,,,,,,,,,,,,,,,,,,,,,,,,,,
MIX!Eggerthella lenta,11db77e7-c5bf-4252-aa8d-b293678e0b81,,,,,,,,,,,,,,,,,,,,,,,,,,,,,,,,,,,,,,,,,,,,,
MIX!Neisseria mucosa,32a67210-5717-47d6-8966-a993eddba8f8,,,,,,,,,,,,,,,,,,,,,,,,,,,,,,,,,,,,,,,,,,,,,
MIX!Neisseria mucosa,5214fd91-01f3-4c63-bd7d-15009ee3fa80,,,,,,,,,,,,,,,,,,,,,,,,,,,,,,,,,,,,,,,,,,,,,
MIX!Bacteroides ovatus,d797230a-808e-49ed-8bc7-9b212b223d9f,,,,,,,,,,,,,,,,,,,,,,,,,,,,,,,,,,,,,,,,,,,,,
MIX!Neisseria subflava,a61cc675-4e38-403f-b03b-c2dc2181d187,,,,,,,,,,,,,,,,,,,,,,,,,,,,,,,,,,,,,,,,,,,,,
MIX!Neisseria macacae,72b2e350-5fb3-4e02-855c-8f0f027b56a4,,,,,,,,,,,,,,,,,,,,,,,,,,,,,,,,,,,,,,,,,,,,,
MIX!Staphylococcus epidermidis,c14ecfca-e015-4744-bf13-6a9329d6cb5e,,,,,,,,,,,,,,,,,,,,,,,,,,,,,,,,,,,,,,,,,,,,,
MIX!Neisseria cinerea,2489c9d3-941b-4a19-b90d-7b4e903e46bb,,,,,,,,,,,,,,,,,,,,,,,,,,,,,,,,,,,,,,,,,,,,,
MIX!Neisseria subflava,6134dfe5-c4a6-4203-bc8a-295fce4ab378,,,,,,,,,,,,,,,,,,,,,,,,,,,,,,,,,,,,,,,,,,,,,
MIX!Pseudomonas aeruginosa,8412039a-39bd-4a52-aa6e-b79d3d596492,,,,,,,,,,,,,,,,,,,,,,,,,,,,,,,,,,,,,,,,,,,,,
MIX!Staphylococcus epidermidis,02c0e949-1a0b-4b26-ae5d-a0d23b391e88,,,,,,,,,,,,,,,,,,,,,,,,,,,,,,,,,,,,,,,,,,,,,
MIX!Haemophilus influenzae,d9859db5-f986-4476-80e4-355a36ab4063,,,,,,,,,,,,,,,,,,,,,,,,,,,,,,,,,,,,,,,,,,,,,
MIX!Rothia mucilaginosa,61c13499-7502-442e-acd6-17006bfd6c0e,,,,,,,,,,,,,,,,,,,,,,,,,,,,,,,,,,,,,,,,,,,,,
MIX!Streptococcus anginosus,eecebf18-d188-4d35-9628-0f44ab28ab1a,,,,,,,,,,,,,,,,,,,,,,,,,,,,,,,,,,,,,,,,,,,,,
MIX!Lactobacillus crispatus,be664eb1-f282-4bce-b089-b9c48ec08b65,,,,,,,,,,,,,,,,,,,,,,,,,,,,,,,,,,,,,,,,,,,,,
MIX!Streptococcus dysgalactiae,46efd01b-a1b1-4595-a363-453a441a5eb4,,,,,,,,,,,,,,,,,,,,,,,,,,,,,,,,,,,,,,,,,,,,,
MIX!Streptococcus dysgalactiae,f77eb781-91d6-4dc3-866c-d45607708065,,,,,,,,,,,,,,,,,,,,,,,,,,,,,,,,,,,,,,,,,,,,,
MIX!Haemophilus influenzae,33e18a9a-2350-4f40-a2e6-fc2014842479,,,,,,,,,,,,,,,,,,,,,,,,,,,,,,,,,,,,,,,,,,,,,
MIX!Staphylococcus epidermidis,6223a818-61c0-4793-8c37-1edf8c748471,,,,,,,,,,,,,,,,,,,,,,,,,,,,,,,,,,,,,,,,,,,,,
MIX!Aeromonas veronii,001c791c-76b3-4281-815e-ef33b2163647,,,,,,,,,,,,,,,,,,,,,,,,,,,,,,,,,,,,,,,,,,,,,
MIX!Haemophilus haemolyticus,a69f3c5e-d2c4-44b1-8a9b-7cdc7c2f3a82,,,,,,,,,,,,,,,,,,,,,,,,,,,,,,,,,,,,,,,,,,,,,
MIX!Haemophilus influenzae,fa1081e6-50bd-42f7-9e3e-0445af77ced3,,,,,,,,,,,,,,,,,,,,,,,,,,,,,,,,,,,,,,,,,,,,,
MIX!Klebsiella pneumoniae,17a3c6ee-df2c-4bbc-8ea4-92f4fa535e1a,,,,,,,,,,,,,,,,,,,,,,,,,,,,,,,,,,,,,,,,,,,,,
MIX!Staphylococcus epidermidis,4e3095ad-4da7-4a11-bdb9-e37e953c7f2c,,,,,,,,,,,,,,,,,,,,,,,,,,,,,,,,,,,,,,,,,,,,,
MIX!Streptococcus parasanguinis,5ae26dd2-657e-4728-b0cd-9f24785f2292,,,,,,,,,,,,,,,,,,,,,,,,,,,,,,,,,,,,,,,,,,,,,
MIX!Klebsiella pneumoniae,59db5089-fa2a-4e10-8346-ab2851bd06c5,,,,,,,,,,,,,,,,,,,,,,,,,,,,,,,,,,,,,,,,,,,,,
MIX!Staphylococcus epidermidis,a9b07604-1e46-44c6-98b3-3cddf9b71b10,,,,,,,,,,,,,,,,,,,,,,,,,,,,,,,,,,,,,,,,,,,,,
MIX!Achromobacter insolitus,185cffdf-cc26-42f4-bd97-91d81f5b3901,,,,,,,,,,,,,,,,,,,,,,,,,,,,,,,,,,,,,,,,,,,,,
MIX!Neisseria macacae,15be7ade-b52a-4fb7-8c2a-4f8afad024ee,,,,,,,,,,,,,,,,,,,,,,,,,,,,,,,,,,,,,,,,,,,,,
MIX!Candida albicans,052aaca0-a894-4692-9035-fb6c7d0a2d2e,,,,,,,,,,,,,,,,,,,,,,,,,,,,,,,,,,,,,,,,,,,,,
MIX!Haemophilus parainfluenzae,1557e5b4-fffd-447f-a753-73a924f51535,,,,,,,,,,,,,,,,,,,,,,,,,,,,,,,,,,,,,,,,,,,,,
MIX!Candida albicans,5f5a744b-a83a-4c8f-9e10-fe2a335ef619,,,,,,,,,,,,,,,,,,,,,,,,,,,,,,,,,,,,,,,,,,,,,
MIX!Streptococcus agalactiae,cff94223-0ee7-47cb-b04a-9eebd941c97b,,,,,,,,,,,,,,,,,,,,,,,,,,,,,,,,,,,,,,,,,,,,,
MIX!Streptococcus agalactiae,6c010ee3-46fe-433c-8938-71d9ab4e5a72,,,,,,,,,,,,,,,,,,,,,,,,,,,,,,,,,,,,,,,,,,,,,
MIX!Streptococcus constellatus,aa8646cb-8d26-412c-be94-9aad3984bbe0,,,,,,,,,,,,,,,,,,,,,,,,,,,,,,,,,,,,,,,,,,,,,
MIX!Haemophilus influenzae,d6a652a8-b28a-432d-ab84-80c66ca69858,,,,,,,,,,,,,,,,,,,,,,,,,,,,,,,,,,,,,,,,,,,,,
MIX!Streptococcus anginosus,4714d5d1-d32e-497f-b483-163520021480,,,,,,,,,,,,,,,,,,,,,,,,,,,,,,,,,,,,,,,,,,,,,
MIX!Streptococcus oralis,3b2e5faa-a5a0-4206-b902-cf5909fc2693,,,,,,,,,,,,,,,,,,,,,,,,,,,,,,,,,,,,,,,,,,,,,
MIX!Vibrio alginolyticus,b0ab1abf-2f06-4a9c-a3f1-25df73c9b4ec,,,,,,,,,,,,,,,,,,,,,,,,,,,,,,,,,,,,,,,,,,,,,
MIX!Haemophilus parainfluenzae,a034591b-767d-4f1e-a492-50302b4054b5,,,,,,,,,,,,,,,,,,,,,,,,,,,,,,,,,,,,,,,,,,,,,
MIX!Streptococcus dysgalactiae,eb8641ed-ae8b-49e6-8e0f-c323a8591144,,,,,,,,,,,,,,,,,,,,,,,,,,,,,,,,,,,,,,,,,,,,,
MIX!Pasteurella multocida,c07c009e-10b5-49a9-a57d-564fe6852d67,,,,,,,,,,,,,,,,,,,,,,,,,,,,,,,,,,,,,,,,,,,,,
MIX!Staphylococcus aureus,c85f81a8-28f8-49d4-9812-6bdca83a6b83,,,,,,,,,,,,,,,,,,,,,,,,,,,,,,,,,,,,,,,,,,,,,
MIX!Staphylococcus epidermidis,3e288581-b7bd-4a38-87a3-2db367beb693,,,,,,,,,,,,,,,,,,,,,,,,,,,,,,,,,,,,,,,,,,,,,
MIX!Lactobacillus paracasei,05340d2a-55e8-4bcc-adc0-02670b9ec61b,,,,,,,,,,,,,,,,,,,,,,,,,,,,,,,,,,,,,,,,,,,,,
MIX!Neisseria subflava,8a54854f-30bf-41e8-b156-77ceef739ca0,,,,,,,,,,,,,,,,,,,,,,,,,,,,,,,,,,,,,,,,,,,,,
MIX!Bacillus cereus,6f0694dc-0243-4df6-9388-468e6beffaa0,,,,,,,,,,,,,,,,,,,,,,,,,,,,,,,,,,,,,,,,,,,,,
MIX!Fusobacterium canifelinum,4d7dac11-1e74-4cee-b176-5f07ee96cea0,,,,,,,,,,,,,,,,,,,,,,,,,,,,,,,,,,,,,,,,,,,,,
MIX!Haemophilus influenzae,ba785c87-f41b-4fda-96f4-03a12580d07d,,,,,,,,,,,,,,,,,,,,,,,,,,,,,,,,,,,,,,,,,,,,,
MIX!Neisseria meningitidis,1c1687bb-c098-45f9-9a3e-bbb0a22e4f2d,,,,,,,,,,,,,,,,,,,,,,,,,,,,,,,,,,,,,,,,,,,,,
MIX!Staphylococcus aureus,b8b2b87a-31c8-4f3f-befe-f86804d0a016,,,,,,,,,,,,,,,,,,,,,,,,,,,,,,,,,,,,,,,,,,,,,
MIX!Staphylococcus aureus,58b7e72d-34eb-44d6-9dca-92f2a7fdb6b1,,,,,,,,,,,,,,,,,,,,,,,,,,,,,,,,,,,,,,,,,,,,,
MIX!Neisseria macacae,bb21d9e7-ca18-466e-a534-0d20e1024c7d,,,,,,,,,,,,,,,,,,,,,,,,,,,,,,,,,,,,,,,,,,,,,
MIX!Enterobacter cloacae,b45744aa-b260-4361-a3e0-ba3951ffd9ac,,,,,,,,,,,,,,,,,,,,,,,,,,,,,,,,,,,,,,,,,,,,,
MIX!Lactobacillus rhamnosus,985d48b2-c6e6-4d75-bd28-0c6ef01bfef5,,,,,,,,,,,,,,,,,,,,,,,,,,,,,,,,,,,,,,,,,,,,,
MIX!Enterobacter cloacae,0aa32e3f-fe76-48cc-9b16-76843fd74b81,,,,,,,,,,,,,,,,,,,,,,,,,,,,,,,,,,,,,,,,,,,,,
MIX!Neisseria subflava,12580fc7-ad00-4684-b01e-1df8d966ba2c,,,,,,,,,,,,,,,,,,,,,,,,,,,,,,,,,,,,,,,,,,,,,
MIX!Staphylococcus hominis,11bcb59b-e59a-4a13-9746-1d04bb4a6f2c,,,,,,,,,,,,,,,,,,,,,,,,,,,,,,,,,,,,,,,,,,,,,
MIX!Pseudomonas aeruginosa,1636aacb-7d9a-463c-8280-d48c45cd020c,,,,,,,,,,,,,,,,,,,,,,,,,,,,,,,,,,,,,,,,,,,,,
MIX!Haemophilus influenzae,f0799ba1-5c06-4327-a3ec-4848e9086693,,,,,,,,,,,,,,,,,,,,,,,,,,,,,,,,,,,,,,,,,,,,,
MIX!Streptococcus dysgalactiae,914e2b3b-7f3d-4c56-b59c-68cfdc57fd0d,,,,,,,,,,,,,,,,,,,,,,,,,,,,,,,,,,,,,,,,,,,,,
MIX!Staphylococcus aureus,ed5882e1-aa04-4207-8c97-7f2d8f0043c5,,,,,,,,,,,,,,,,,,,,,,,,,,,,,,,,,,,,,,,,,,,,,
MIX!Neisseria subflava,35a45ada-ca05-4b90-98c7-b0a29db0e2ab,,,,,,,,,,,,,,,,,,,,,,,,,,,,,,,,,,,,,,,,,,,,,
MIX!Haemophilus parainfluenzae,485cef5c-a5c8-4c1e-a356-69cf6431a65f,,,,,,,,,,,,,,,,,,,,,,,,,,,,,,,,,,,,,,,,,,,,,
MIX!Haemophilus influenzae,11720d32-d1ec-4f26-b904-9108c7374aa0,,,,,,,,,,,,,,,,,,,,,,,,,,,,,,,,,,,,,,,,,,,,,
MIX!Haemophilus influenzae,2d933218-1ef6-4902-8901-0c50157eb26a,,,,,,,,,,,,,,,,,,,,,,,,,,,,,,,,,,,,,,,,,,,,,
MIX!Haemophilus influenzae,e7d1d6a6-be24-44dd-94d5-269a33643d2e,,,,,,,,,,,,,,,,,,,,,,,,,,,,,,,,,,,,,,,,,,,,,
MIX!Streptococcus dysgalactiae,24ef7eb9-9608-434c-98ae-21fedce79ee7,,,,,,,,,,,,,,,,,,,,,,,,,,,,,,,,,,,,,,,,,,,,,
MIX!Staphylococcus aureus,67104c98-043a-494a-878e-0847777660cb,,,,,,,,,,,,,,,,,,,,,,,,,,,,,,,,,,,,,,,,,,,,,
MIX!Haemophilus influenzae,dbd0c11f-9be0-45f1-affc-5fb58bbebc45,,,,,,,,,,,,,,,,,,,,,,,,,,,,,,,,,,,,,,,,,,,,,
MIX!Haemophilus parainfluenzae,00efffc7-6a45-4896-82d1-7b0401a7087d,,,,,,,,,,,,,,,,,,,,,,,,,,,,,,,,,,,,,,,,,,,,,
MIX!Neisseria subflava,1fed74b5-f788-4025-bade-d821eca8b4f9,,,,,,,,,,,,,,,,,,,,,,,,,,,,,,,,,,,,,,,,,,,,,
MIX!Haemophilus influenzae,1024c10c-c64c-40e9-a78b-40fed8094eb8,,,,,,,,,,,,,,,,,,,,,,,,,,,,,,,,,,,,,,,,,,,,,
MIX!Corynebacterium aurimucosum,51ec7f21-a4f0-40bd-8703-39630e7b3acd,,,,,,,,,,,,,,,,,,,,,,,,,,,,,,,,,,,,,,,,,,,,,
MIX!Bacteroides thetaiotaomicron,a3813194-fd4d-4d43-a21a-c91b83f01e65,,,,,,,,,,,,,,,,,,,,,,,,,,,,,,,,,,,,,,,,,,,,,
MIX!Enterobacter aerogenes,20fb2dba-600a-458c-92fc-7641b3c78ee4,,,,,,,,,,,,,,,,,,,,,,,,,,,,,,,,,,,,,,,,,,,,,
MIX!Streptococcus parasanguinis,f374731e-b8ba-4c66-846a-6ca92f694e26,,,,,,,,,,,,,,,,,,,,,,,,,,,,,,,,,,,,,,,,,,,,,
MIX!Haemophilus parainfluenzae,525b6a04-dddc-4d9d-a6b9-4a19bcaf5a72,,,,,,,,,,,,,,,,,,,,,,,,,,,,,,,,,,,,,,,,,,,,,
MIX!Stenotrophomonas maltophilia,47dd5380-a2cf-48a1-96ff-ed5326258de7,,,,,,,,,,,,,,,,,,,,,,,,,,,,,,,,,,,,,,,,,,,,,
MIX!Pasteurella multocida,cda522d1-9895-4942-835a-4669ed516e77,,,,,,,,,,,,,,,,,,,,,,,,,,,,,,,,,,,,,,,,,,,,,
MIX!Neisseria subflava,e2d8ee94-b057-4c8c-b534-f3ab7c051421,,,,,,,,,,,,,,,,,,,,,,,,,,,,,,,,,,,,,,,,,,,,,
MIX!Staphylococcus aureus,bfbf7c2b-f854-4e16-abef-6e78ebc91f47,,,,,,,,,,,,,,,,,,,,,,,,,,,,,,,,,,,,,,,,,,,,,
MIX!Staphylococcus haemolyticus,b2218f6d-beae-4d32-9f22-1f309b0bbbb5,,,,,,,,,,,,,,,,,,,,,,,,,,,,,,,,,,,,,,,,,,,,,
MIX!Staphylococcus caprae,0b4fb462-bf67-4afb-bbce-523ba75f90a5,,,,,,,,,,,,,,,,,,,,,,,,,,,,,,,,,,,,,,,,,,,,,
MIX!Haemophilus influenzae,2154d822-6166-458f-be1f-3d7e59665e23,,,,,,,,,,,,,,,,,,,,,,,,,,,,,,,,,,,,,,,,,,,,,
MIX!Staphylococcus lugdunensis,c7b37b4c-a461-41db-b8c4-702c8fdfaee0,,,,,,,,,,,,,,,,,,,,,,,,,,,,,,,,,,,,,,,,,,,,,
MIX!Pasteurella canis,ef8dfa20-6e30-4694-ac7c-16b3bed811b7,,,,,,,,,,,,,,,,,,,,,,,,,,,,,,,,,,,,,,,,,,,,,
MIX!Aeromonas caviae,df549fa0-80fb-4503-bafe-c2f705c5dc3a,,,,,,,,,,,,,,,,,,,,,,,,,,,,,,,,,,,,,,,,,,,,,
MIX!Rothia mucilaginosa,45db5e0a-1199-4196-8ad0-760171b93815,,,,,,,,,,,,,,,,,,,,,,,,,,,,,,,,,,,,,,,,,,,,,
MIX!Aeromonas hydrophila,51458965-99b9-404f-88c7-c6f1b9ca2cd1,,,,,,,,,,,,,,,,,,,,,,,,,,,,,,,,,,,,,,,,,,,,,
MIX!Haemophilus influenzae,0fa1fe96-458e-4e00-8eba-fe6b28e76725,,,,,,,,,,,,,,,,,,,,,,,,,,,,,,,,,,,,,,,,,,,,,
MIX!Haemophilus haemolyticus,0dc4d833-3e14-48ea-a0e9-43eb5faecadb,,,,,,,,,,,,,,,,,,,,,,,,,,,,,,,,,,,,,,,,,,,,,
MIX!Haemophilus influenzae,53808283-10d9-4377-8b92-84ff0d41c060,,,,,,,,,,,,,,,,,,,,,,,,,,,,,,,,,,,,,,,,,,,,,
MIX!Haemophilus influenzae,edcfde78-d07d-477d-afb7-061acc9f269d,,,,,,,,,,,,,,,,,,,,,,,,,,,,,,,,,,,,,,,,,,,,,
MIX!Lactobacillus fermentum,36f70e34-0e63-40f7-9495-b169732c2cbc,,,,,,,,,,,,,,,,,,,,,,,,,,,,,,,,,,,,,,,,,,,,,
MIX!Stenotrophomonas maltophilia,0d61b5e1-0423-4d1b-8206-483f9cacfc59,,,,,,,,,,,,,,,,,,,,,,,,,,,,,,,,,,,,,,,,,,,,,
MIX!Trueperella bernardiae,dfd05bd4-5f85-4a73-84c0-2a78c2827ceb,,,,,,,,,,,,,,,,,,,,,,,,,,,,,,,,,,,,,,,,,,,,,
MIX!Neisseria subflava,e7c3f0fb-a573-4310-a8d1-3e6d68b8a213,,,,,,,,,,,,,,,,,,,,,,,,,,,,,,,,,,,,,,,,,,,,,
MIX!Neisseria zoodegmatis,5fd5f71b-ff5f-4d06-97ce-47cf84d56df2,,,,,,,,,,,,,,,,,,,,,,,,,,,,,,,,,,,,,,,,,,,,,
MIX!Neisseria subflava,c6957c15-b837-4cdc-976d-0d16cb6e255e,,,,,,,,,,,,,,,,,,,,,,,,,,,,,,,,,,,,,,,,,,,,,
MIX!Lactobacillus ruminis,c5887aab-bbb6-46b0-bd55-0066a9e42f4c,,,,,,,,,,,,,,,,,,,,,,,,,,,,,,,,,,,,,,,,,,,,,
MIX!Corynebacterium aurimucosum,63033f11-025d-4aab-b703-ff709786e409,,,,,,,,,,,,,,,,,,,,,,,,,,,,,,,,,,,,,,,,,,,,,
MIX!Proteus mirabilis,bca143ec-eeff-4509-bebe-0aff21f94645,,,,,,,,,,,,,,,,,,,,,,,,,,,,,,,,,,,,,,,,,,,,,
MIX!Neisseria subflava,1c26c379-e096-4c7e-b901-5a1720afd96e,,,,,,,,,,,,,,,,,,,,,,,,,,,,,,,,,,,,,,,,,,,,,
MIX!Neisseria gonorrhoeae,0903ae01-2b78-4ffa-9fd3-aa3b48fc23f7,,,,,,,,,,,,,,,,,,,,,,,,,,,,,,,,,,,,,,,,,,,,,
MIX!Leclercia adecarboxylata,b398c2c5-15e6-48af-97c9-66ecf0a4cd0f,,,,,,,,,,,,,,,,,,,,,,,,,,,,,,,,,,,,,,,,,,,,,
MIX!Pseudomonas aeruginosa,67afa0bb-f710-44e2-9d57-fb1c758315c4,,,,,,,,,,,,,,,,,,,,,,,,,,,,,,,,,,,,,,,,,,,,,
MIX!Clostridium perfringens,47eca7c9-7e8c-454b-adf3-bbc9e32531e2,,,,,,,,,,,,,,,,,,,,,,,,,,,,,,,,,,,,,,,,,,,,,
MIX!Actinomyces naeslundii,90fd2217-5ee2-44e8-be53-59c05aed9867,,,,,,,,,,,,,,,,,,,,,,,,,,,,,,,,,,,,,,,,,,,,,
MIX!Aeromonas veronii,61723cef-6f20-481a-913d-4718b2493d4b,,,,,,,,,,,,,,,,,,,,,,,,,,,,,,,,,,,,,,,,,,,,,
MIX!Streptococcus gordonii,7a582fb4-85d9-4fd5-8d19-aeae955b4b74,,,,,,,,,,,,,,,,,,,,,,,,,,,,,,,,,,,,,,,,,,,,,
MIX!Staphylococcus epidermidis,cf6880df-7ada-4bc0-b731-998eee79e1db,,,,,,,,,,,,,,,,,,,,,,,,,,,,,,,,,,,,,,,,,,,,,
MIX!Lactobacillus jensenii,5b051150-a66a-49f7-a1f2-55af234617e8,,,,,,,,,,,,,,,,,,,,,,,,,,,,,,,,,,,,,,,,,,,,,
MIX!Enterobacter kobei,c8210ba5-4dbe-4bed-8a55-14556570ca9c,,,,,,,,,,,,,,,,,,,,,,,,,,,,,,,,,,,,,,,,,,,,,
MIX!Staphylococcus lugdunensis,1de97ee0-3da9-4090-a6f7-d353f788021b,,,,,,,,,,,,,,,,,,,,,,,,,,,,,,,,,,,,,,,,,,,,,
MIX!Escherichia coli,44b1446e-58c7-46f0-876b-7920e665ba2a,,,,,,,,,,,,,,,,,,,,,,,,,,,,,,,,,,,,,,,,,,,,,
MIX!Staphylococcus capitis,d09c9173-0f67-4077-a82a-fe590f09414f,,,,,,,,,,,,,,,,,,,,,,,,,,,,,,,,,,,,,,,,,,,,,
MIX!Staphylococcus lugdunensis,ccbafdfb-99aa-4181-bccb-406df1724ecc,,,,,,,,,,,,,,,,,,,,,,,,,,,,,,,,,,,,,,,,,,,,,
MIX!Staphylococcus haemolyticus,f3296a61-6deb-46d7-8b77-e5935be73099,,,,,,,,,,,,,,,,,,,,,,,,,,,,,,,,,,,,,,,,,,,,,
MIX!Pseudomonas aeruginosa,ce762881-df47-4d47-8d97-eda0510d052c,,,,,,,,,,,,,,,,,,,,,,,,,,,,,,,,,,,,,,,,,,,,,
MIX!Neisseria mucosa,0a195412-bed5-411b-8a9e-8c4f29346045,,,,,,,,,,,,,,,,,,,,,,,,,,,,,,,,,,,,,,,,,,,,,
MIX!Neisseria subflava,1f3875ba-21b8-4dbd-b734-e6a624118b28,,,,,,,,,,,,,,,,,,,,,,,,,,,,,,,,,,,,,,,,,,,,,
MIX!Staphylococcus aureus,aca67a4f-2970-4d23-9c6c-5b3767b4d6c4,,,,,,,,,,,,,,,,,,,,,,,,,,,,,,,,,,,,,,,,,,,,,
MIX!Proteus mirabilis,da690ed5-c2af-4975-ac43-c8c4b84ddd83,,,,,,,,,,,,,,,,,,,,,,,,,,,,,,,,,,,,,,,,,,,,,
MIX!Haemophilus influenzae,b067bb5c-ec50-4fd9-ae6a-9cb7c8099895,,,,,,,,,,,,,,,,,,,,,,,,,,,,,,,,,,,,,,,,,,,,,
MIX!Haemophilus influenzae,cb351b1d-503f-4b52-b264-78114977ce8b,,,,,,,,,,,,,,,,,,,,,,,,,,,,,,,,,,,,,,,,,,,,,
MIX!Staphylococcus epidermidis,a691a071-3eab-4855-8af6-928ac8cad57b,,,,,,,,,,,,,,,,,,,,,,,,,,,,,,,,,,,,,,,,,,,,,
MIX!Pseudomonas aeruginosa,2100a15a-9a57-4d0e-a5dc-f563c097a37e,,,,,,,,,,,,,,,,,,,,,,,,,,,,,,,,,,,,,,,,,,,,,
MIX!Streptococcus constellatus,50fbac1b-da0a-4440-b27a-c4af78591cf3,,,,,,,,,,,,,,,,,,,,,,,,,,,,,,,,,,,,,,,,,,,,,
MIX!Streptococcus urinalis,420b5382-1f02-4442-bf92-e6d7de5d66d7,,,,,,,,,,,,,,,,,,,,,,,,,,,,,,,,,,,,,,,,,,,,,
MIX!Anaerococcus murdochii,e1af28ce-21b7-4d9c-a1ba-fd38c0c16dc5,,,,,,,,,,,,,,,,,,,,,,,,,,,,,,,,,,,,,,,,,,,,,
MIX!Neisseria subflava,f1bc49da-d8f7-41c5-ad7d-7d4911d30891,,,,,,,,,,,,,,,,,,,,,,,,,,,,,,,,,,,,,,,,,,,,,
MIX!Neisseria cinerea,13da8d9d-9ff2-4296-8401-e66135d75f9b,,,,,,,,,,,,,,,,,,,,,,,,,,,,,,,,,,,,,,,,,,,,,
MIX!Aggregatibacter aphrophilus,6d200587-c7ff-4dd2-bdb4-44fece16810d,,,,,,,,,,,,,,,,,,,,,,,,,,,,,,,,,,,,,,,,,,,,,
MIX!Haemophilus influenzae,a3a6a88d-4250-4f18-9174-54b5cec512d5,,,,,,,,,,,,,,,,,,,,,,,,,,,,,,,,,,,,,,,,,,,,,
MIX!Enterococcus mundtii,c8948320-4f26-4d31-bc64-734642f2e235,,,,,,,,,,,,,,,,,,,,,,,,,,,,,,,,,,,,,,,,,,,,,
MIX!Citrobacter freundii,b741f338-4cdc-4883-85be-620f66291de2,,,,,,,,,,,,,,,,,,,,,,,,,,,,,,,,,,,,,,,,,,,,,
MIX!Haemophilus influenzae,9be51292-e3f0-4c36-b5f3-87c80d7e28a6,,,,,,,,,,,,,,,,,,,,,,,,,,,,,,,,,,,,,,,,,,,,,
MIX!Prevotella melaninogenica,f51464ba-fbc2-4bba-9313-22cf41d1487d,,,,,,,,,,,,,,,,,,,,,,,,,,,,,,,,,,,,,,,,,,,,,
MIX!Haemophilus parainfluenzae,460e9f90-4482-4525-ae70-1c9fbea3f62f,,,,,,,,,,,,,,,,,,,,,,,,,,,,,,,,,,,,,,,,,,,,,
MIX!Enterobacter kobei,184541b4-ec8c-4330-b04a-5d18e9b826d3,,,,,,,,,,,,,,,,,,,,,,,,,,,,,,,,,,,,,,,,,,,,,
MIX!Neisseria mucosa,6e9de80a-c46d-4670-9447-585a5a8aad4a,,,,,,,,,,,,,,,,,,,,,,,,,,,,,,,,,,,,,,,,,,,,,
MIX!Corynebacterium aurimucosum,e9b1b919-1bf9-4ccb-a83a-74b20f52923a,,,,,,,,,,,,,,,,,,,,,,,,,,,,,,,,,,,,,,,,,,,,,
MIX!Neisseria subflava,3dc19841-33b2-4fe3-ba98-bba28ec3f6e2,,,,,,,,,,,,,,,,,,,,,,,,,,,,,,,,,,,,,,,,,,,,,
MIX!Escherichia hermannii,de9ad434-ddd8-4e19-87f1-c6dbc99f3a88,,,,,,,,,,,,,,,,,,,,,,,,,,,,,,,,,,,,,,,,,,,,,
MIX!Streptococcus pyogenes,4118a552-7f88-4da3-9b86-015fbbe107dc,,,,,,,,,,,,,,,,,,,,,,,,,,,,,,,,,,,,,,,,,,,,,
MIX!Enterococcus faecalis,a28ea111-9fda-4881-a463-860368acac88,,,,,,,,,,,,,,,,,,,,,,,,,,,,,,,,,,,,,,,,,,,,,
MIX!Lactobacillus iners,a23e86e0-5bea-4ca9-9ee1-1b6b26ebe9df,,,,,,,,,,,,,,,,,,,,,,,,,,,,,,,,,,,,,,,,,,,,,
MIX!Neisseria mucosa,44a99ab3-f074-4172-8c2d-cc84cac5c8bc,,,,,,,,,,,,,,,,,,,,,,,,,,,,,,,,,,,,,,,,,,,,,
MIX!Corynebacterium aurimucosum,e96ba3fd-b75d-4f3b-9aa8-f3e5bc465f6a,,,,,,,,,,,,,,,,,,,,,,,,,,,,,,,,,,,,,,,,,,,,,
MIX!Morganella morganii,3d21ea3d-ce11-48ee-baa1-aa3e7aec3363,,,,,,,,,,,,,,,,,,,,,,,,,,,,,,,,,,,,,,,,,,,,,
MIX!Streptococcus dysgalactiae,2c2f20c0-b1a0-4cc8-aac4-8c00d6ad2d5f,,,,,,,,,,,,,,,,,,,,,,,,,,,,,,,,,,,,,,,,,,,,,
MIX!Staphylococcus aureus,e7824a3d-350a-4e16-9ada-8bf30e8630b4,,,,,,,,,,,,,,,,,,,,,,,,,,,,,,,,,,,,,,,,,,,,,
MIX!Veillonella parvula,b1bdd847-4c6f-4100-823a-a1769e2157d0,,,,,,,,,,,,,,,,,,,,,,,,,,,,,,,,,,,,,,,,,,,,,
MIX!Haemophilus influenzae,1562b04f-af4b-4623-a902-66256dff8fac,,,,,,,,,,,,,,,,,,,,,,,,,,,,,,,,,,,,,,,,,,,,,
MIX!Acinetobacter pittii,2e60da68-ea36-40d6-b37d-582fd92a532b,,,,,,,,,,,,,,,,,,,,,,,,,,,,,,,,,,,,,,,,,,,,,
MIX!Acinetobacter baumannii,a9603f13-bcef-4f8e-981d-822af3a3198b,,,,,,,,,,,,,,,,,,,,,,,,,,,,,,,,,,,,,,,,,,,,,
MIX!Lactobacillus rhamnosus,4ed21ade-d15b-4f10-9c51-1f86a0e064e2,,,,,,,,,,,,,,,,,,,,,,,,,,,,,,,,,,,,,,,,,,,,,
MIX!Aerococcus urinae,b9ddc2e5-007e-42f6-b96d-8d67dfe434fe,,,,,,,,,,,,,,,,,,,,,,,,,,,,,,,,,,,,,,,,,,,,,
MIX!Pasteurella multocida,08f590b4-3ecb-4628-971a-55537584e991,,,,,,,,,,,,,,,,,,,,,,,,,,,,,,,,,,,,,,,,,,,,,
MIX!Staphylococcus aureus,6c591ed1-cf05-43c8-82c2-beff436c5eaf,,,,,,,,,,,,,,,,,,,,,,,,,,,,,,,,,,,,,,,,,,,,,
MIX!Aerococcus urinae,242f77ae-a0d0-46ef-9313-4ded72d3f445,,,,,,,,,,,,,,,,,,,,,,,,,,,,,,,,,,,,,,,,,,,,,
MIX!Pasteurella multocida,370d95c8-291a-45c9-be97-6613123328c2,,,,,,,,,,,,,,,,,,,,,,,,,,,,,,,,,,,,,,,,,,,,,
MIX!Staphylococcus lugdunensis,d39f3630-caf6-4bdd-b2ae-fdcbbdb3835c,,,,,,,,,,,,,,,,,,,,,,,,,,,,,,,,,,,,,,,,,,,,,
MIX!Enterobacter cloacae,eb8b9a1d-fb47-4ae2-bff0-ef160b0b61ad,,,,,,,,,,,,,,,,,,,,,,,,,,,,,,,,,,,,,,,,,,,,,
MIX!Klebsiella oxytoca,fddf7565-5c58-412b-b207-df62be2608d7,,,,,,,,,,,,,,,,,,,,,,,,,,,,,,,,,,,,,,,,,,,,,
MIX!Staphylococcus aureus,ce427eaa-0832-4bd3-a279-013f79d3b73f,,,,,,,,,,,,,,,,,,,,,,,,,,,,,,,,,,,,,,,,,,,,,
MIX!Finegoldia magna,613b2d98-bd03-4c4b-8b90-0943b720501d,,,,,,,,,,,,,,,,,,,,,,,,,,,,,,,,,,,,,,,,,,,,,
MIX!Neisseria cinerea,477eeb68-3f94-4584-922d-617f1ec515ae,,,,,,,,,,,,,,,,,,,,,,,,,,,,,,,,,,,,,,,,,,,,,
MIX!Pasteurella multocida,414d0992-3418-4fc5-9801-a95061f73a33,,,,,,,,,,,,,,,,,,,,,,,,,,,,,,,,,,,,,,,,,,,,,
MIX!Haemophilus parainfluenzae,623c71ad-c66d-441b-bfb9-d7b4e6110596,,,,,,,,,,,,,,,,,,,,,,,,,,,,,,,,,,,,,,,,,,,,,
MIX!Pseudomonas aeruginosa,34b67d18-a4b0-40bb-8fa0-7c91770ba850,,,,,,,,,,,,,,,,,,,,,,,,,,,,,,,,,,,,,,,,,,,,,
MIX!Neisseria flavescens,a52bb07e-e00d-4127-979a-53113afa90ee,,,,,,,,,,,,,,,,,,,,,,,,,,,,,,,,,,,,,,,,,,,,,
MIX!Enterobacter kobei,7fce8464-4c6d-4a5c-95d8-ad28bda1ccab,,,,,,,,,,,,,,,,,,,,,,,,,,,,,,,,,,,,,,,,,,,,,
MIX!Stenotrophomonas maltophilia,87f19087-5c8c-4547-a8f2-5b0791766831,,,,,,,,,,,,,,,,,,,,,,,,,,,,,,,,,,,,,,,,,,,,,
MIX!Neisseria mucosa,a7845cd0-9866-405d-bf84-874d7ef382fc,,,,,,,,,,,,,,,,,,,,,,,,,,,,,,,,,,,,,,,,,,,,,
MIX!Streptococcus gordonii,8f7e36d4-9b95-40b7-8c67-164cab6f3b5c,,,,,,,,,,,,,,,,,,,,,,,,,,,,,,,,,,,,,,,,,,,,,
